{"_default": {"1": {"title": "cameraStats", "d55l": {"goodSample": 0, "rejectedSample": 0, "xyAlignmentStats": [], "totalCycleTime": 0, "averageCycleTime": 0}, "cp1p": {"goodSample": 44, "rejectedSample": 7, "xyAlignmentStats": [[-17, -5], [1, -10], [4, -24], [-24, -7], [-18, 1], [-13, 4], [4, -23], [-18, -22], [-6, -11], [-18, -12], [19, -15], [20, -24], [-12, -8], [26, -24], [-21, 7], [4, -23], [0, -19], [21, -4], [0, -22], [24, -15], [-21, 6], [21, -4], [-20, 8], [-23, 6], [0, -4], [2, -4], [2, 3], [-12, -22], [-12, 13], [-29, -14], [11, 2], [-4, 2], [0, -2], [-18, 6], [-24, 1], [18, 2], [-9, -32], [-20, -17], [4, -18], [-4, -10], [4, -18], [-17, -2], [26, -29], [-1, -10]], "totalCycleTime": 1973.5024167929994, "averageCycleTime": 38.69612581947057}}}}